"FullPath","Directory","Name","Extension","SizeBytes","SizeMB","CreationTime","LastWriteTime"
"C:\Users\Mahdi\Desktop\Basij-Site\6.7.3\.gitignore","C:\Users\Mahdi\Desktop\Basij-Site\6.7.3",".gitignore",".gitignore","147","0","9/14/2025 8:03:10 AM","9/11/2025 3:00:07 PM"
"C:\Users\Mahdi\Desktop\Basij-Site\6.7.3\cards-form.html","C:\Users\Mahdi\Desktop\Basij-Site\6.7.3","cards-form.html",".html","15895","0.02","9/13/2025 9:22:40 PM","9/18/2025 3:00:49 PM"
"C:\Users\Mahdi\Desktop\Basij-Site\6.7.3\cards-scripts.js","C:\Users\Mahdi\Desktop\Basij-Site\6.7.3","cards-scripts.js",".js","14984","0.01","9/13/2025 9:22:40 PM","9/18/2025 3:01:17 PM"
"C:\Users\Mahdi\Desktop\Basij-Site\6.7.3\cards-styles.css","C:\Users\Mahdi\Desktop\Basij-Site\6.7.3","cards-styles.css",".css","14621","0.01","9/13/2025 9:22:40 PM","9/18/2025 3:03:07 PM"
"C:\Users\Mahdi\Desktop\Basij-Site\6.7.3\files_19_Fri_09_2025_20.csv","C:\Users\Mahdi\Desktop\Basij-Site\6.7.3","files_19_Fri_09_2025_20.csv",".csv","0","0","9/19/2025 8:18:53 PM","9/19/2025 8:18:53 PM"
"C:\Users\Mahdi\Desktop\Basij-Site\6.7.3\index.html","C:\Users\Mahdi\Desktop\Basij-Site\6.7.3","index.html",".html","11001","0.01","9/13/2025 9:22:40 PM","9/18/2025 11:03:22 AM"
"C:\Users\Mahdi\Desktop\Basij-Site\6.7.3\package.json","C:\Users\Mahdi\Desktop\Basij-Site\6.7.3","package.json",".json","355","0","9/13/2025 9:22:40 PM","9/18/2025 10:31:27 AM"
"C:\Users\Mahdi\Desktop\Basij-Site\6.7.3\payment-form.html","C:\Users\Mahdi\Desktop\Basij-Site\6.7.3","payment-form.html",".html","5017","0","9/13/2025 9:22:40 PM","9/19/2025 8:10:51 PM"
"C:\Users\Mahdi\Desktop\Basij-Site\6.7.3\payment-scripts.js","C:\Users\Mahdi\Desktop\Basij-Site\6.7.3","payment-scripts.js",".js","36954","0.04","9/13/2025 9:22:40 PM","9/19/2025 8:11:44 PM"
"C:\Users\Mahdi\Desktop\Basij-Site\6.7.3\payment-styles.css","C:\Users\Mahdi\Desktop\Basij-Site\6.7.3","payment-styles.css",".css","10170","0.01","9/13/2025 9:22:40 PM","9/19/2025 8:11:04 PM"
"C:\Users\Mahdi\Desktop\Basij-Site\6.7.3\ScanFilesToCsv.bat","C:\Users\Mahdi\Desktop\Basij-Site\6.7.3","ScanFilesToCsv.bat",".bat","1230","0","9/18/2025 9:42:06 AM","9/18/2025 9:42:06 AM"
"C:\Users\Mahdi\Desktop\Basij-Site\6.7.3\.git\COMMIT_EDITMSG","C:\Users\Mahdi\Desktop\Basij-Site\6.7.3\.git","COMMIT_EDITMSG","","5416","0.01","9/19/2025 3:14:27 PM","9/19/2025 5:54:23 PM"
"C:\Users\Mahdi\Desktop\Basij-Site\6.7.3\.git\config","C:\Users\Mahdi\Desktop\Basij-Site\6.7.3\.git","config","","224","0","9/14/2025 8:03:10 AM","9/13/2025 12:23:43 AM"
"C:\Users\Mahdi\Desktop\Basij-Site\6.7.3\.git\description","C:\Users\Mahdi\Desktop\Basij-Site\6.7.3\.git","description","","73","0","9/14/2025 8:03:10 AM","9/11/2025 12:29:55 AM"
"C:\Users\Mahdi\Desktop\Basij-Site\6.7.3\.git\HEAD","C:\Users\Mahdi\Desktop\Basij-Site\6.7.3\.git","HEAD","","21","0","9/14/2025 8:03:10 AM","9/11/2025 12:29:55 AM"
"C:\Users\Mahdi\Desktop\Basij-Site\6.7.3\.git\index","C:\Users\Mahdi\Desktop\Basij-Site\6.7.3\.git","index","","9042","0.01","9/19/2025 3:14:26 PM","9/19/2025 3:14:27 PM"
"C:\Users\Mahdi\Desktop\Basij-Site\6.7.3\.git\hooks\applypatch-msg.sample","C:\Users\Mahdi\Desktop\Basij-Site\6.7.3\.git\hooks","applypatch-msg.sample",".sample","478","0","9/14/2025 8:03:10 AM","9/11/2025 12:29:55 AM"
"C:\Users\Mahdi\Desktop\Basij-Site\6.7.3\.git\hooks\commit-msg.sample","C:\Users\Mahdi\Desktop\Basij-Site\6.7.3\.git\hooks","commit-msg.sample",".sample","896","0","9/14/2025 8:03:10 AM","9/11/2025 12:29:55 AM"
"C:\Users\Mahdi\Desktop\Basij-Site\6.7.3\.git\hooks\fsmonitor-watchman.sample","C:\Users\Mahdi\Desktop\Basij-Site\6.7.3\.git\hooks","fsmonitor-watchman.sample",".sample","4726","0","9/14/2025 8:03:10 AM","9/11/2025 12:29:55 AM"
"C:\Users\Mahdi\Desktop\Basij-Site\6.7.3\.git\hooks\post-update.sample","C:\Users\Mahdi\Desktop\Basij-Site\6.7.3\.git\hooks","post-update.sample",".sample","189","0","9/14/2025 8:03:10 AM","9/11/2025 12:29:55 AM"
"C:\Users\Mahdi\Desktop\Basij-Site\6.7.3\.git\hooks\pre-applypatch.sample","C:\Users\Mahdi\Desktop\Basij-Site\6.7.3\.git\hooks","pre-applypatch.sample",".sample","424","0","9/14/2025 8:03:10 AM","9/11/2025 12:29:55 AM"
"C:\Users\Mahdi\Desktop\Basij-Site\6.7.3\.git\hooks\pre-commit.sample","C:\Users\Mahdi\Desktop\Basij-Site\6.7.3\.git\hooks","pre-commit.sample",".sample","1649","0","9/14/2025 8:03:10 AM","9/11/2025 12:29:55 AM"
"C:\Users\Mahdi\Desktop\Basij-Site\6.7.3\.git\hooks\pre-merge-commit.sample","C:\Users\Mahdi\Desktop\Basij-Site\6.7.3\.git\hooks","pre-merge-commit.sample",".sample","416","0","9/14/2025 8:03:10 AM","9/11/2025 12:29:55 AM"
"C:\Users\Mahdi\Desktop\Basij-Site\6.7.3\.git\hooks\pre-push.sample","C:\Users\Mahdi\Desktop\Basij-Site\6.7.3\.git\hooks","pre-push.sample",".sample","1374","0","9/14/2025 8:03:10 AM","9/11/2025 12:29:55 AM"
"C:\Users\Mahdi\Desktop\Basij-Site\6.7.3\.git\hooks\pre-rebase.sample","C:\Users\Mahdi\Desktop\Basij-Site\6.7.3\.git\hooks","pre-rebase.sample",".sample","4898","0","9/14/2025 8:03:10 AM","9/11/2025 12:29:55 AM"
"C:\Users\Mahdi\Desktop\Basij-Site\6.7.3\.git\hooks\pre-receive.sample","C:\Users\Mahdi\Desktop\Basij-Site\6.7.3\.git\hooks","pre-receive.sample",".sample","544","0","9/14/2025 8:03:10 AM","9/11/2025 12:29:55 AM"
"C:\Users\Mahdi\Desktop\Basij-Site\6.7.3\.git\hooks\prepare-commit-msg.sample","C:\Users\Mahdi\Desktop\Basij-Site\6.7.3\.git\hooks","prepare-commit-msg.sample",".sample","1492","0","9/14/2025 8:03:10 AM","9/11/2025 12:29:55 AM"
"C:\Users\Mahdi\Desktop\Basij-Site\6.7.3\.git\hooks\push-to-checkout.sample","C:\Users\Mahdi\Desktop\Basij-Site\6.7.3\.git\hooks","push-to-checkout.sample",".sample","2783","0","9/14/2025 8:03:10 AM","9/11/2025 12:29:55 AM"
"C:\Users\Mahdi\Desktop\Basij-Site\6.7.3\.git\hooks\sendemail-validate.sample","C:\Users\Mahdi\Desktop\Basij-Site\6.7.3\.git\hooks","sendemail-validate.sample",".sample","2308","0","9/14/2025 8:03:10 AM","9/11/2025 12:29:55 AM"
"C:\Users\Mahdi\Desktop\Basij-Site\6.7.3\.git\hooks\update.sample","C:\Users\Mahdi\Desktop\Basij-Site\6.7.3\.git\hooks","update.sample",".sample","3650","0","9/14/2025 8:03:10 AM","9/11/2025 12:29:55 AM"
"C:\Users\Mahdi\Desktop\Basij-Site\6.7.3\.git\info\exclude","C:\Users\Mahdi\Desktop\Basij-Site\6.7.3\.git\info","exclude","","240","0","9/14/2025 8:03:10 AM","9/11/2025 12:29:55 AM"
"C:\Users\Mahdi\Desktop\Basij-Site\6.7.3\.git\objects\01\0aebb74f6a1a890a9a5955ea37b05936e65723","C:\Users\Mahdi\Desktop\Basij-Site\6.7.3\.git\objects\01","0aebb74f6a1a890a9a5955ea37b05936e65723","","387","0","9/14/2025 8:03:10 AM","9/12/2025 11:16:22 PM"
"C:\Users\Mahdi\Desktop\Basij-Site\6.7.3\.git\objects\01\72107258a7f205a2a8fa8a54b342d32214ab18","C:\Users\Mahdi\Desktop\Basij-Site\6.7.3\.git\objects\01","72107258a7f205a2a8fa8a54b342d32214ab18","","334","0","9/14/2025 8:03:10 AM","9/12/2025 11:16:22 PM"
"C:\Users\Mahdi\Desktop\Basij-Site\6.7.3\.git\objects\04\232bc73de9086c009000d0c2b5186a51ec5982","C:\Users\Mahdi\Desktop\Basij-Site\6.7.3\.git\objects\04","232bc73de9086c009000d0c2b5186a51ec5982","","2914","0","9/14/2025 8:03:10 AM","9/12/2025 11:16:21 PM"
"C:\Users\Mahdi\Desktop\Basij-Site\6.7.3\.git\objects\05\8459509b4c70a564c1b757dd458e62dcacbd0a","C:\Users\Mahdi\Desktop\Basij-Site\6.7.3\.git\objects\05","8459509b4c70a564c1b757dd458e62dcacbd0a","","644274","0.61","9/14/2025 8:03:10 AM","9/12/2025 11:16:21 PM"
"C:\Users\Mahdi\Desktop\Basij-Site\6.7.3\.git\objects\09\f619b18e09bac5e4e5ec8998054950492423bc","C:\Users\Mahdi\Desktop\Basij-Site\6.7.3\.git\objects\09","f619b18e09bac5e4e5ec8998054950492423bc","","64018","0.06","9/14/2025 8:03:10 AM","9/12/2025 11:16:21 PM"
"C:\Users\Mahdi\Desktop\Basij-Site\6.7.3\.git\objects\0c\20fd4c127b37764a4fd864c89e1aaaf4a55227","C:\Users\Mahdi\Desktop\Basij-Site\6.7.3\.git\objects\0c","20fd4c127b37764a4fd864c89e1aaaf4a55227","","67287","0.06","9/14/2025 8:03:10 AM","9/12/2025 11:16:21 PM"
"C:\Users\Mahdi\Desktop\Basij-Site\6.7.3\.git\objects\14\ee57ff1d8a74a1395d6c23ee74ba03d7987224","C:\Users\Mahdi\Desktop\Basij-Site\6.7.3\.git\objects\14","ee57ff1d8a74a1395d6c23ee74ba03d7987224","","537315","0.51","9/14/2025 8:03:10 AM","9/12/2025 11:16:21 PM"
"C:\Users\Mahdi\Desktop\Basij-Site\6.7.3\.git\objects\16\5dfa62edbe87d75fb1a00d64630c83686c5b01","C:\Users\Mahdi\Desktop\Basij-Site\6.7.3\.git\objects\16","5dfa62edbe87d75fb1a00d64630c83686c5b01","","22723","0.02","9/14/2025 8:03:10 AM","9/12/2025 11:16:21 PM"
"C:\Users\Mahdi\Desktop\Basij-Site\6.7.3\.git\objects\16\86e22b703955bfaf3ed0876f0f623bff5a6d6a","C:\Users\Mahdi\Desktop\Basij-Site\6.7.3\.git\objects\16","86e22b703955bfaf3ed0876f0f623bff5a6d6a","","977","0","9/14/2025 8:03:10 AM","9/12/2025 11:16:22 PM"
"C:\Users\Mahdi\Desktop\Basij-Site\6.7.3\.git\objects\16\f90d06877cbcb5c270526bfbccf277c17977e1","C:\Users\Mahdi\Desktop\Basij-Site\6.7.3\.git\objects\16","f90d06877cbcb5c270526bfbccf277c17977e1","","3792","0","9/14/2025 8:03:10 AM","9/12/2025 11:16:21 PM"
"C:\Users\Mahdi\Desktop\Basij-Site\6.7.3\.git\objects\1c\e87021f5ee5d80a44504fea8cfd80d538db59a","C:\Users\Mahdi\Desktop\Basij-Site\6.7.3\.git\objects\1c","e87021f5ee5d80a44504fea8cfd80d538db59a","","110629","0.11","9/14/2025 8:03:10 AM","9/12/2025 11:16:21 PM"
"C:\Users\Mahdi\Desktop\Basij-Site\6.7.3\.git\objects\1f\48e523a44c2c95571842ba83c99de37dc75400","C:\Users\Mahdi\Desktop\Basij-Site\6.7.3\.git\objects\1f","48e523a44c2c95571842ba83c99de37dc75400","","2577","0","9/14/2025 8:03:10 AM","9/12/2025 11:16:21 PM"
"C:\Users\Mahdi\Desktop\Basij-Site\6.7.3\.git\objects\1f\f7927386f35991e9aa790302d7cd076a7f984a","C:\Users\Mahdi\Desktop\Basij-Site\6.7.3\.git\objects\1f","f7927386f35991e9aa790302d7cd076a7f984a","","11914","0.01","9/14/2025 8:03:10 AM","9/12/2025 11:16:21 PM"
"C:\Users\Mahdi\Desktop\Basij-Site\6.7.3\.git\objects\29\e255bb1e2ea2f5fad801c35bf7f7c432c16e31","C:\Users\Mahdi\Desktop\Basij-Site\6.7.3\.git\objects\29","e255bb1e2ea2f5fad801c35bf7f7c432c16e31","","238","0","9/14/2025 8:03:10 AM","9/12/2025 11:16:21 PM"
"C:\Users\Mahdi\Desktop\Basij-Site\6.7.3\.git\objects\30\6867da3d50dbf1916def71a1e29602ffb76e82","C:\Users\Mahdi\Desktop\Basij-Site\6.7.3\.git\objects\30","6867da3d50dbf1916def71a1e29602ffb76e82","","608644","0.58","9/14/2025 8:03:10 AM","9/12/2025 11:16:21 PM"
"C:\Users\Mahdi\Desktop\Basij-Site\6.7.3\.git\objects\30\7b23b3e7943a50050f49c4da28825a6660fee0","C:\Users\Mahdi\Desktop\Basij-Site\6.7.3\.git\objects\30","7b23b3e7943a50050f49c4da28825a6660fee0","","379","0","9/14/2025 8:03:10 AM","9/12/2025 11:16:21 PM"
"C:\Users\Mahdi\Desktop\Basij-Site\6.7.3\.git\objects\31\02ac9f04c041f040dfef9d30a2cb305658fe34","C:\Users\Mahdi\Desktop\Basij-Site\6.7.3\.git\objects\31","02ac9f04c041f040dfef9d30a2cb305658fe34","","83735","0.08","9/14/2025 8:03:10 AM","9/12/2025 11:16:21 PM"
"C:\Users\Mahdi\Desktop\Basij-Site\6.7.3\.git\objects\34\ea4d192750264588fb54c41ffbb93c23b0eb2f","C:\Users\Mahdi\Desktop\Basij-Site\6.7.3\.git\objects\34","ea4d192750264588fb54c41ffbb93c23b0eb2f","","1034","0","9/14/2025 8:03:10 AM","9/12/2025 11:16:22 PM"
"C:\Users\Mahdi\Desktop\Basij-Site\6.7.3\.git\objects\3c\7ebe94e3a73a102c3bf26125204b4d6100ff1e","C:\Users\Mahdi\Desktop\Basij-Site\6.7.3\.git\objects\3c","7ebe94e3a73a102c3bf26125204b4d6100ff1e","","263220","0.25","9/14/2025 8:03:10 AM","9/12/2025 11:16:22 PM"
"C:\Users\Mahdi\Desktop\Basij-Site\6.7.3\.git\objects\3c\ece699a82a87656b12bf18d5dabcbeead5c1f6","C:\Users\Mahdi\Desktop\Basij-Site\6.7.3\.git\objects\3c","ece699a82a87656b12bf18d5dabcbeead5c1f6","","302712","0.29","9/14/2025 8:03:10 AM","9/12/2025 11:16:21 PM"
"C:\Users\Mahdi\Desktop\Basij-Site\6.7.3\.git\objects\44\5ac8a29599c0678cc0fe301468a7bc61d60d79","C:\Users\Mahdi\Desktop\Basij-Site\6.7.3\.git\objects\44","5ac8a29599c0678cc0fe301468a7bc61d60d79","","99664","0.1","9/14/2025 8:03:10 AM","9/12/2025 11:16:21 PM"
"C:\Users\Mahdi\Desktop\Basij-Site\6.7.3\.git\objects\48\065a447f91d5d7a7e3a3a398e57a7182305883","C:\Users\Mahdi\Desktop\Basij-Site\6.7.3\.git\objects\48","065a447f91d5d7a7e3a3a398e57a7182305883","","28577","0.03","9/14/2025 8:03:10 AM","9/12/2025 11:16:22 PM"
"C:\Users\Mahdi\Desktop\Basij-Site\6.7.3\.git\objects\49\5af75762ea16d890d9c8af7647be22216f9725","C:\Users\Mahdi\Desktop\Basij-Site\6.7.3\.git\objects\49","5af75762ea16d890d9c8af7647be22216f9725","","51165","0.05","9/14/2025 8:03:10 AM","9/12/2025 11:16:21 PM"
"C:\Users\Mahdi\Desktop\Basij-Site\6.7.3\.git\objects\53\016415ab9f67a8deac98dfe4c9cd2e40d922a0","C:\Users\Mahdi\Desktop\Basij-Site\6.7.3\.git\objects\53","016415ab9f67a8deac98dfe4c9cd2e40d922a0","","51060","0.05","9/14/2025 8:03:10 AM","9/12/2025 11:16:21 PM"
"C:\Users\Mahdi\Desktop\Basij-Site\6.7.3\.git\objects\59\0ae77fdf3a7947e61fcdfd7f47e428478afe4b","C:\Users\Mahdi\Desktop\Basij-Site\6.7.3\.git\objects\59","0ae77fdf3a7947e61fcdfd7f47e428478afe4b","","12196","0.01","9/14/2025 8:03:10 AM","9/12/2025 11:16:22 PM"
"C:\Users\Mahdi\Desktop\Basij-Site\6.7.3\.git\objects\59\a0b92c45f38d8f57e59ba84db9e27e48835ec9","C:\Users\Mahdi\Desktop\Basij-Site\6.7.3\.git\objects\59","a0b92c45f38d8f57e59ba84db9e27e48835ec9","","1024330","0.98","9/14/2025 8:03:10 AM","9/12/2025 11:16:22 PM"
"C:\Users\Mahdi\Desktop\Basij-Site\6.7.3\.git\objects\5e\78e0762c3a67a8c5c416a5de87c4833bdd10bc","C:\Users\Mahdi\Desktop\Basij-Site\6.7.3\.git\objects\5e","78e0762c3a67a8c5c416a5de87c4833bdd10bc","","21826","0.02","9/14/2025 8:03:10 AM","9/12/2025 11:16:21 PM"
"C:\Users\Mahdi\Desktop\Basij-Site\6.7.3\.git\objects\5e\d7e4007b72619a174f30a06f405cc0f5dffd2d","C:\Users\Mahdi\Desktop\Basij-Site\6.7.3\.git\objects\5e","d7e4007b72619a174f30a06f405cc0f5dffd2d","","52475","0.05","9/14/2025 8:03:10 AM","9/12/2025 11:16:22 PM"
"C:\Users\Mahdi\Desktop\Basij-Site\6.7.3\.git\objects\62\a5ee08028bfc675398284892240ebfd145c3d5","C:\Users\Mahdi\Desktop\Basij-Site\6.7.3\.git\objects\62","a5ee08028bfc675398284892240ebfd145c3d5","","739","0","9/14/2025 8:03:10 AM","9/12/2025 11:16:21 PM"
"C:\Users\Mahdi\Desktop\Basij-Site\6.7.3\.git\objects\64\31e61d586cb6480a95ee25391e61ea19810466","C:\Users\Mahdi\Desktop\Basij-Site\6.7.3\.git\objects\64","31e61d586cb6480a95ee25391e61ea19810466","","95271","0.09","9/14/2025 8:03:10 AM","9/12/2025 11:16:22 PM"
"C:\Users\Mahdi\Desktop\Basij-Site\6.7.3\.git\objects\65\b427f86eba2cfa45900de247bc7cf3294cd1e5","C:\Users\Mahdi\Desktop\Basij-Site\6.7.3\.git\objects\65","b427f86eba2cfa45900de247bc7cf3294cd1e5","","51057","0.05","9/14/2025 8:03:10 AM","9/12/2025 11:16:21 PM"
"C:\Users\Mahdi\Desktop\Basij-Site\6.7.3\.git\objects\65\c21a488ac023cb69b5ab3b929d180116ddbcef","C:\Users\Mahdi\Desktop\Basij-Site\6.7.3\.git\objects\65","c21a488ac023cb69b5ab3b929d180116ddbcef","","112","0","9/14/2025 8:03:10 AM","9/12/2025 11:16:22 PM"
"C:\Users\Mahdi\Desktop\Basij-Site\6.7.3\.git\objects\66\55c753ce970592f6789748aff089bd29263898","C:\Users\Mahdi\Desktop\Basij-Site\6.7.3\.git\objects\66","55c753ce970592f6789748aff089bd29263898","","4475","0","9/14/2025 8:03:10 AM","9/12/2025 11:16:22 PM"
"C:\Users\Mahdi\Desktop\Basij-Site\6.7.3\.git\objects\66\65eef02cc83182e43c63b57322dd9c71fe79b2","C:\Users\Mahdi\Desktop\Basij-Site\6.7.3\.git\objects\66","65eef02cc83182e43c63b57322dd9c71fe79b2","","401","0","9/14/2025 8:03:10 AM","9/12/2025 11:16:22 PM"
"C:\Users\Mahdi\Desktop\Basij-Site\6.7.3\.git\objects\6a\a1dd7f8bf60e2dcfe7ac603c0cf15e53e2cdd9","C:\Users\Mahdi\Desktop\Basij-Site\6.7.3\.git\objects\6a","a1dd7f8bf60e2dcfe7ac603c0cf15e53e2cdd9","","136","0","9/14/2025 8:03:10 AM","9/12/2025 11:16:21 PM"
"C:\Users\Mahdi\Desktop\Basij-Site\6.7.3\.git\objects\6b\2fc72edc777340aa7d753fbc2bc4d562f01f9b","C:\Users\Mahdi\Desktop\Basij-Site\6.7.3\.git\objects\6b","2fc72edc777340aa7d753fbc2bc4d562f01f9b","","116406","0.11","9/14/2025 8:03:10 AM","9/12/2025 11:16:22 PM"
"C:\Users\Mahdi\Desktop\Basij-Site\6.7.3\.git\objects\6e\57d2ed0ce3a630abc44183dbe97fe3861213a8","C:\Users\Mahdi\Desktop\Basij-Site\6.7.3\.git\objects\6e","57d2ed0ce3a630abc44183dbe97fe3861213a8","","535","0","9/14/2025 8:03:10 AM","9/12/2025 11:16:22 PM"
"C:\Users\Mahdi\Desktop\Basij-Site\6.7.3\.git\objects\71\e5743df35e7c369696363b33d442c4ef7ff98c","C:\Users\Mahdi\Desktop\Basij-Site\6.7.3\.git\objects\71","e5743df35e7c369696363b33d442c4ef7ff98c","","21466","0.02","9/14/2025 8:03:10 AM","9/12/2025 11:16:21 PM"
"C:\Users\Mahdi\Desktop\Basij-Site\6.7.3\.git\objects\73\1e146cf32fc986a96d50d05b128aec80ce074f","C:\Users\Mahdi\Desktop\Basij-Site\6.7.3\.git\objects\73","1e146cf32fc986a96d50d05b128aec80ce074f","","198358","0.19","9/14/2025 8:03:10 AM","9/12/2025 11:16:21 PM"
"C:\Users\Mahdi\Desktop\Basij-Site\6.7.3\.git\objects\73\518d8325bce6119889eeb106b0783607e0a1d8","C:\Users\Mahdi\Desktop\Basij-Site\6.7.3\.git\objects\73","518d8325bce6119889eeb106b0783607e0a1d8","","48","0","9/14/2025 8:03:10 AM","9/12/2025 11:16:22 PM"
"C:\Users\Mahdi\Desktop\Basij-Site\6.7.3\.git\objects\73\a6b2cd407b44a078267449b5af03a5b77dcfc4","C:\Users\Mahdi\Desktop\Basij-Site\6.7.3\.git\objects\73","a6b2cd407b44a078267449b5af03a5b77dcfc4","","1127","0","9/14/2025 8:03:10 AM","9/12/2025 11:16:22 PM"
"C:\Users\Mahdi\Desktop\Basij-Site\6.7.3\.git\objects\76\1939ad90a490d5433fffc16cb51f5b765c8ca7","C:\Users\Mahdi\Desktop\Basij-Site\6.7.3\.git\objects\76","1939ad90a490d5433fffc16cb51f5b765c8ca7","","163543","0.16","9/14/2025 8:03:10 AM","9/12/2025 11:16:21 PM"
"C:\Users\Mahdi\Desktop\Basij-Site\6.7.3\.git\objects\7c\3928d09181dec671a7d7c7335351a087a5321a","C:\Users\Mahdi\Desktop\Basij-Site\6.7.3\.git\objects\7c","3928d09181dec671a7d7c7335351a087a5321a","","8876","0.01","9/14/2025 8:03:10 AM","9/12/2025 11:16:21 PM"
"C:\Users\Mahdi\Desktop\Basij-Site\6.7.3\.git\objects\7e\f40d9b04b3ae5a1ae5b42b323e7aca0dd3b1c0","C:\Users\Mahdi\Desktop\Basij-Site\6.7.3\.git\objects\7e","f40d9b04b3ae5a1ae5b42b323e7aca0dd3b1c0","","74993","0.07","9/14/2025 8:03:10 AM","9/12/2025 11:16:22 PM"
"C:\Users\Mahdi\Desktop\Basij-Site\6.7.3\.git\objects\8f\82e07c58cbc8f90a5c29df383134a798aa843b","C:\Users\Mahdi\Desktop\Basij-Site\6.7.3\.git\objects\8f","82e07c58cbc8f90a5c29df383134a798aa843b","","295","0","9/14/2025 8:03:10 AM","9/12/2025 11:16:22 PM"
"C:\Users\Mahdi\Desktop\Basij-Site\6.7.3\.git\objects\99\7dea07b70c1985f36833045647fa2d4eb924fa","C:\Users\Mahdi\Desktop\Basij-Site\6.7.3\.git\objects\99","7dea07b70c1985f36833045647fa2d4eb924fa","","51305","0.05","9/14/2025 8:03:10 AM","9/12/2025 11:16:21 PM"
"C:\Users\Mahdi\Desktop\Basij-Site\6.7.3\.git\objects\9a\60ceaee408415ecf33d507bc2c7220c96dd8ec","C:\Users\Mahdi\Desktop\Basij-Site\6.7.3\.git\objects\9a","60ceaee408415ecf33d507bc2c7220c96dd8ec","","84491","0.08","9/14/2025 8:03:10 AM","9/12/2025 11:16:21 PM"
"C:\Users\Mahdi\Desktop\Basij-Site\6.7.3\.git\objects\9b\2b9ac8ae88a4416a78934c23975e92f913e05e","C:\Users\Mahdi\Desktop\Basij-Site\6.7.3\.git\objects\9b","2b9ac8ae88a4416a78934c23975e92f913e05e","","15453","0.01","9/14/2025 8:03:10 AM","9/12/2025 11:16:22 PM"
"C:\Users\Mahdi\Desktop\Basij-Site\6.7.3\.git\objects\9f\fd4b22fced46cbe121a4c6586902af8dc038dd","C:\Users\Mahdi\Desktop\Basij-Site\6.7.3\.git\objects\9f","fd4b22fced46cbe121a4c6586902af8dc038dd","","70","0","9/14/2025 8:03:10 AM","9/12/2025 11:16:21 PM"
"C:\Users\Mahdi\Desktop\Basij-Site\6.7.3\.git\objects\a2\18766a196794e23aadb0df580ad93eb3a48332","C:\Users\Mahdi\Desktop\Basij-Site\6.7.3\.git\objects\a2","18766a196794e23aadb0df580ad93eb3a48332","","57010","0.05","9/14/2025 8:03:10 AM","9/12/2025 11:16:21 PM"
"C:\Users\Mahdi\Desktop\Basij-Site\6.7.3\.git\objects\a4\64c6732ec9fa9ef5cf78917d42f90f2200eb58","C:\Users\Mahdi\Desktop\Basij-Site\6.7.3\.git\objects\a4","64c6732ec9fa9ef5cf78917d42f90f2200eb58","","59","0","9/14/2025 8:03:10 AM","9/12/2025 11:16:21 PM"
"C:\Users\Mahdi\Desktop\Basij-Site\6.7.3\.git\objects\a5\01289a85595158570b0c2badcb4608b042e748","C:\Users\Mahdi\Desktop\Basij-Site\6.7.3\.git\objects\a5","01289a85595158570b0c2badcb4608b042e748","","111205","0.11","9/14/2025 8:03:10 AM","9/12/2025 11:16:21 PM"
"C:\Users\Mahdi\Desktop\Basij-Site\6.7.3\.git\objects\a5\defc234ec8cd7931348f512a8ab3692e55fa8d","C:\Users\Mahdi\Desktop\Basij-Site\6.7.3\.git\objects\a5","defc234ec8cd7931348f512a8ab3692e55fa8d","","4112","0","9/14/2025 8:03:10 AM","9/12/2025 11:16:22 PM"
"C:\Users\Mahdi\Desktop\Basij-Site\6.7.3\.git\objects\a5\e4f957dd7ca7cb39afd450dbe12f4a9e6f6736","C:\Users\Mahdi\Desktop\Basij-Site\6.7.3\.git\objects\a5","e4f957dd7ca7cb39afd450dbe12f4a9e6f6736","","552","0","9/14/2025 8:03:10 AM","9/12/2025 11:16:22 PM"
"C:\Users\Mahdi\Desktop\Basij-Site\6.7.3\.git\objects\a8\3bef03dca757a06b014750a090e10b4c20096c","C:\Users\Mahdi\Desktop\Basij-Site\6.7.3\.git\objects\a8","3bef03dca757a06b014750a090e10b4c20096c","","131461","0.13","9/14/2025 8:03:11 AM","9/12/2025 11:16:21 PM"
"C:\Users\Mahdi\Desktop\Basij-Site\6.7.3\.git\objects\b4\6758ad3a8b955c44152a1a54e9b656f70e7ba1","C:\Users\Mahdi\Desktop\Basij-Site\6.7.3\.git\objects\b4","6758ad3a8b955c44152a1a54e9b656f70e7ba1","","8995","0.01","9/14/2025 8:03:11 AM","9/12/2025 11:16:21 PM"
"C:\Users\Mahdi\Desktop\Basij-Site\6.7.3\.git\objects\b7\a6a37be92a8f6c78ab29f28e99d2b2701d6c76","C:\Users\Mahdi\Desktop\Basij-Site\6.7.3\.git\objects\b7","a6a37be92a8f6c78ab29f28e99d2b2701d6c76","","8896","0.01","9/14/2025 8:03:11 AM","9/12/2025 11:16:21 PM"
"C:\Users\Mahdi\Desktop\Basij-Site\6.7.3\.git\objects\b7\df278265c94714acfac44b22f97baf4d509874","C:\Users\Mahdi\Desktop\Basij-Site\6.7.3\.git\objects\b7","df278265c94714acfac44b22f97baf4d509874","","50833","0.05","9/14/2025 8:03:11 AM","9/12/2025 11:16:21 PM"
"C:\Users\Mahdi\Desktop\Basij-Site\6.7.3\.git\objects\bc\c95cb3b6c1baf20ffd34b378b8ea23b33db5af","C:\Users\Mahdi\Desktop\Basij-Site\6.7.3\.git\objects\bc","c95cb3b6c1baf20ffd34b378b8ea23b33db5af","","166","0","9/14/2025 8:03:11 AM","9/12/2025 11:16:22 PM"
"C:\Users\Mahdi\Desktop\Basij-Site\6.7.3\.git\objects\bd\f3dfcb8c273eeb0f3c6ec534c4b03f83db5918","C:\Users\Mahdi\Desktop\Basij-Site\6.7.3\.git\objects\bd","f3dfcb8c273eeb0f3c6ec534c4b03f83db5918","","872997","0.83","9/14/2025 8:03:11 AM","9/12/2025 11:16:22 PM"
"C:\Users\Mahdi\Desktop\Basij-Site\6.7.3\.git\objects\c0\74e70fcd70459f8ffb4c6d4ecd5448197ea4a7","C:\Users\Mahdi\Desktop\Basij-Site\6.7.3\.git\objects\c0","74e70fcd70459f8ffb4c6d4ecd5448197ea4a7","","51157","0.05","9/14/2025 8:03:11 AM","9/12/2025 11:16:21 PM"
"C:\Users\Mahdi\Desktop\Basij-Site\6.7.3\.git\objects\c9\824c872b3b4f2eb13a102748f8ef1a6ef97da0","C:\Users\Mahdi\Desktop\Basij-Site\6.7.3\.git\objects\c9","824c872b3b4f2eb13a102748f8ef1a6ef97da0","","50721","0.05","9/14/2025 8:03:11 AM","9/12/2025 11:16:21 PM"
"C:\Users\Mahdi\Desktop\Basij-Site\6.7.3\.git\objects\c9\8b288c88a3be61a13cc731eb2fc7f062aac946","C:\Users\Mahdi\Desktop\Basij-Site\6.7.3\.git\objects\c9","8b288c88a3be61a13cc731eb2fc7f062aac946","","76965","0.07","9/14/2025 8:03:11 AM","9/12/2025 11:16:21 PM"
"C:\Users\Mahdi\Desktop\Basij-Site\6.7.3\.git\objects\ce\00e524db7407c0c8633d6838734940bf3c1d51","C:\Users\Mahdi\Desktop\Basij-Site\6.7.3\.git\objects\ce","00e524db7407c0c8633d6838734940bf3c1d51","","81255","0.08","9/14/2025 8:03:11 AM","9/12/2025 11:16:21 PM"
"C:\Users\Mahdi\Desktop\Basij-Site\6.7.3\.git\objects\d1\2b942bf657521cd1191bb3554b18d3739e4b17","C:\Users\Mahdi\Desktop\Basij-Site\6.7.3\.git\objects\d1","2b942bf657521cd1191bb3554b18d3739e4b17","","200432","0.19","9/14/2025 8:03:11 AM","9/12/2025 11:16:21 PM"
"C:\Users\Mahdi\Desktop\Basij-Site\6.7.3\.git\objects\d1\54722a60c07c8ee3da789bef46354d9d0166eb","C:\Users\Mahdi\Desktop\Basij-Site\6.7.3\.git\objects\d1","54722a60c07c8ee3da789bef46354d9d0166eb","","51217","0.05","9/14/2025 8:03:11 AM","9/12/2025 11:16:21 PM"
"C:\Users\Mahdi\Desktop\Basij-Site\6.7.3\.git\objects\d3\4d6e2f6d88435c5162d414703ee5fac7b77e2d","C:\Users\Mahdi\Desktop\Basij-Site\6.7.3\.git\objects\d3","4d6e2f6d88435c5162d414703ee5fac7b77e2d","","76331","0.07","9/14/2025 8:03:11 AM","9/12/2025 11:16:22 PM"
"C:\Users\Mahdi\Desktop\Basij-Site\6.7.3\.git\objects\d4\c230b6e36774b3162b6d0589e89ca62bf5838a","C:\Users\Mahdi\Desktop\Basij-Site\6.7.3\.git\objects\d4","c230b6e36774b3162b6d0589e89ca62bf5838a","","3241","0","9/14/2025 8:03:11 AM","9/12/2025 11:16:22 PM"
"C:\Users\Mahdi\Desktop\Basij-Site\6.7.3\.git\objects\d7\c9cef6424d0923d26b92f0bca1dd47210f06d9","C:\Users\Mahdi\Desktop\Basij-Site\6.7.3\.git\objects\d7","c9cef6424d0923d26b92f0bca1dd47210f06d9","","536981","0.51","9/14/2025 8:03:11 AM","9/12/2025 11:16:21 PM"
"C:\Users\Mahdi\Desktop\Basij-Site\6.7.3\.git\objects\d8\c812046c381094e3c2a9d39217ad103496869a","C:\Users\Mahdi\Desktop\Basij-Site\6.7.3\.git\objects\d8","c812046c381094e3c2a9d39217ad103496869a","","4486","0","9/14/2025 8:03:11 AM","9/12/2025 11:16:21 PM"
"C:\Users\Mahdi\Desktop\Basij-Site\6.7.3\.git\objects\dc\f2857b8a1e0386e73ff3a5a108b7e67496cddb","C:\Users\Mahdi\Desktop\Basij-Site\6.7.3\.git\objects\dc","f2857b8a1e0386e73ff3a5a108b7e67496cddb","","248","0","9/14/2025 8:03:11 AM","9/12/2025 11:16:22 PM"
"C:\Users\Mahdi\Desktop\Basij-Site\6.7.3\.git\objects\de\38580473729f40fe161a0a771c022d31a39341","C:\Users\Mahdi\Desktop\Basij-Site\6.7.3\.git\objects\de","38580473729f40fe161a0a771c022d31a39341","","1544","0","9/14/2025 8:03:11 AM","9/12/2025 11:16:22 PM"
"C:\Users\Mahdi\Desktop\Basij-Site\6.7.3\.git\objects\df\3fe8df4734bc9ecc1177d8fb27379680915106","C:\Users\Mahdi\Desktop\Basij-Site\6.7.3\.git\objects\df","3fe8df4734bc9ecc1177d8fb27379680915106","","146","0","9/14/2025 8:03:11 AM","9/12/2025 11:16:21 PM"
"C:\Users\Mahdi\Desktop\Basij-Site\6.7.3\.git\objects\e0\04ea382c02761221c6bcb795e59f0d929600ba","C:\Users\Mahdi\Desktop\Basij-Site\6.7.3\.git\objects\e0","04ea382c02761221c6bcb795e59f0d929600ba","","54398","0.05","9/14/2025 8:03:11 AM","9/12/2025 11:16:21 PM"
"C:\Users\Mahdi\Desktop\Basij-Site\6.7.3\.git\objects\e6\bbe5a6c05cd55f1dc849dec354909e64b51121","C:\Users\Mahdi\Desktop\Basij-Site\6.7.3\.git\objects\e6","bbe5a6c05cd55f1dc849dec354909e64b51121","","706","0","9/14/2025 8:03:11 AM","9/12/2025 11:16:22 PM"
"C:\Users\Mahdi\Desktop\Basij-Site\6.7.3\.git\objects\f0\8cace8de6750fa3b1535eea651d9ac4b4d7d14","C:\Users\Mahdi\Desktop\Basij-Site\6.7.3\.git\objects\f0","8cace8de6750fa3b1535eea651d9ac4b4d7d14","","50605","0.05","9/14/2025 8:03:11 AM","9/12/2025 11:16:21 PM"
"C:\Users\Mahdi\Desktop\Basij-Site\6.7.3\.git\objects\f1\90dd3a4d6120981f133d9afba725e5161ff339","C:\Users\Mahdi\Desktop\Basij-Site\6.7.3\.git\objects\f1","90dd3a4d6120981f133d9afba725e5161ff339","","66595","0.06","9/14/2025 8:03:11 AM","9/12/2025 11:16:21 PM"
"C:\Users\Mahdi\Desktop\Basij-Site\6.7.3\.git\objects\f2\40007707e7b81f18688174192b724c4a406ea6","C:\Users\Mahdi\Desktop\Basij-Site\6.7.3\.git\objects\f2","40007707e7b81f18688174192b724c4a406ea6","","263091","0.25","9/14/2025 8:03:11 AM","9/12/2025 11:16:22 PM"
"C:\Users\Mahdi\Desktop\Basij-Site\6.7.3\.git\objects\f7\f5ace79615ad82480297b5663f334696dbe0de","C:\Users\Mahdi\Desktop\Basij-Site\6.7.3\.git\objects\f7","f5ace79615ad82480297b5663f334696dbe0de","","3396","0","9/14/2025 8:03:11 AM","9/12/2025 11:16:22 PM"
"C:\Users\Mahdi\Desktop\Basij-Site\6.7.3\.git\objects\f9\e21b3fc2725d8230cd3f69b9608fee7cbdead5","C:\Users\Mahdi\Desktop\Basij-Site\6.7.3\.git\objects\f9","e21b3fc2725d8230cd3f69b9608fee7cbdead5","","331127","0.32","9/14/2025 8:03:11 AM","9/12/2025 11:16:22 PM"
"C:\Users\Mahdi\Desktop\Basij-Site\6.7.3\.git\objects\fb\e06d28a9e29a8bfb36b358dbf4cec504643c2e","C:\Users\Mahdi\Desktop\Basij-Site\6.7.3\.git\objects\fb","e06d28a9e29a8bfb36b358dbf4cec504643c2e","","224955","0.21","9/14/2025 8:03:11 AM","9/12/2025 11:16:21 PM"
"C:\Users\Mahdi\Desktop\Basij-Site\6.7.3\.git\objects\fd\0234d85d7614f9efa86eb602a5d2f03d8850c8","C:\Users\Mahdi\Desktop\Basij-Site\6.7.3\.git\objects\fd","0234d85d7614f9efa86eb602a5d2f03d8850c8","","122","0","9/14/2025 8:03:11 AM","9/12/2025 11:16:21 PM"
"C:\Users\Mahdi\Desktop\Basij-Site\6.7.3\.git\objects\fe\d5c6397baaa5d231e9011a366afd9f7628d3e3","C:\Users\Mahdi\Desktop\Basij-Site\6.7.3\.git\objects\fe","d5c6397baaa5d231e9011a366afd9f7628d3e3","","205241","0.2","9/14/2025 8:03:11 AM","9/12/2025 11:16:21 PM"
"C:\Users\Mahdi\Desktop\Basij-Site\6.7.3\.git\objects\ff\32345578f657f0a8f99977e66e8c36ae58f5a0","C:\Users\Mahdi\Desktop\Basij-Site\6.7.3\.git\objects\ff","32345578f657f0a8f99977e66e8c36ae58f5a0","","67376","0.06","9/14/2025 8:03:11 AM","9/12/2025 11:16:21 PM"
"C:\Users\Mahdi\Desktop\Basij-Site\6.7.3\assets\vendor\chunk-HDDX7F4A.mjs","C:\Users\Mahdi\Desktop\Basij-Site\6.7.3\assets\vendor","chunk-HDDX7F4A.mjs",".mjs","597","0","9/13/2025 9:22:40 PM","9/13/2025 9:22:40 PM"
"C:\Users\Mahdi\Desktop\Basij-Site\6.7.3\assets\vendor\chunk-HDDX7F4A.mjs.map","C:\Users\Mahdi\Desktop\Basij-Site\6.7.3\assets\vendor","chunk-HDDX7F4A.mjs.map",".map","1483","0","9/13/2025 9:22:40 PM","9/13/2025 9:22:40 PM"
"C:\Users\Mahdi\Desktop\Basij-Site\6.7.3\assets\vendor\chunk-ODPU3M3Z.mjs","C:\Users\Mahdi\Desktop\Basij-Site\6.7.3\assets\vendor","chunk-ODPU3M3Z.mjs",".mjs","25420","0.02","9/13/2025 9:22:40 PM","9/13/2025 9:22:40 PM"
"C:\Users\Mahdi\Desktop\Basij-Site\6.7.3\assets\vendor\chunk-ODPU3M3Z.mjs.map","C:\Users\Mahdi\Desktop\Basij-Site\6.7.3\assets\vendor","chunk-ODPU3M3Z.mjs.map",".map","192841","0.18","9/13/2025 9:22:40 PM","9/13/2025 9:22:40 PM"
"C:\Users\Mahdi\Desktop\Basij-Site\6.7.3\assets\vendor\chunk-TRZ6EGBZ.mjs","C:\Users\Mahdi\Desktop\Basij-Site\6.7.3\assets\vendor","chunk-TRZ6EGBZ.mjs",".mjs","60063","0.06","9/13/2025 9:22:40 PM","9/13/2025 9:22:40 PM"
"C:\Users\Mahdi\Desktop\Basij-Site\6.7.3\assets\vendor\chunk-TRZ6EGBZ.mjs.map","C:\Users\Mahdi\Desktop\Basij-Site\6.7.3\assets\vendor","chunk-TRZ6EGBZ.mjs.map",".map","318955","0.3","9/13/2025 9:22:40 PM","9/13/2025 9:22:40 PM"
"C:\Users\Mahdi\Desktop\Basij-Site\6.7.3\assets\vendor\chunk-ZWH2ESXT.mjs","C:\Users\Mahdi\Desktop\Basij-Site\6.7.3\assets\vendor","chunk-ZWH2ESXT.mjs",".mjs","296","0","9/13/2025 9:22:40 PM","9/13/2025 9:22:40 PM"
"C:\Users\Mahdi\Desktop\Basij-Site\6.7.3\assets\vendor\chunk-ZWH2ESXT.mjs.map","C:\Users\Mahdi\Desktop\Basij-Site\6.7.3\assets\vendor","chunk-ZWH2ESXT.mjs.map",".map","71","0","9/13/2025 9:22:40 PM","9/13/2025 9:22:40 PM"
"C:\Users\Mahdi\Desktop\Basij-Site\6.7.3\assets\vendor\dotlottie-audio-75C54RUV.mjs","C:\Users\Mahdi\Desktop\Basij-Site\6.7.3\assets\vendor","dotlottie-audio-75C54RUV.mjs",".mjs","37203","0.04","9/13/2025 9:22:40 PM","9/13/2025 9:22:40 PM"
"C:\Users\Mahdi\Desktop\Basij-Site\6.7.3\assets\vendor\dotlottie-audio-75C54RUV.mjs.map","C:\Users\Mahdi\Desktop\Basij-Site\6.7.3\assets\vendor","dotlottie-audio-75C54RUV.mjs.map",".map","71","0","9/13/2025 9:22:40 PM","9/13/2025 9:22:40 PM"
"C:\Users\Mahdi\Desktop\Basij-Site\6.7.3\assets\vendor\dotlottie-player.d.mts","C:\Users\Mahdi\Desktop\Basij-Site\6.7.3\assets\vendor","dotlottie-player.d.mts",".mts","7924","0.01","9/13/2025 9:22:40 PM","9/13/2025 9:22:40 PM"
"C:\Users\Mahdi\Desktop\Basij-Site\6.7.3\assets\vendor\dotlottie-player.d.ts","C:\Users\Mahdi\Desktop\Basij-Site\6.7.3\assets\vendor","dotlottie-player.d.ts",".ts","7924","0.01","9/13/2025 9:22:40 PM","9/13/2025 9:22:40 PM"
"C:\Users\Mahdi\Desktop\Basij-Site\6.7.3\assets\vendor\dotlottie-player.js","C:\Users\Mahdi\Desktop\Basij-Site\6.7.3\assets\vendor","dotlottie-player.js",".js","1917699","1.83","9/13/2025 9:22:40 PM","9/13/2025 9:22:40 PM"
"C:\Users\Mahdi\Desktop\Basij-Site\6.7.3\assets\vendor\dotlottie-player.js.map","C:\Users\Mahdi\Desktop\Basij-Site\6.7.3\assets\vendor","dotlottie-player.js.map",".map","701656","0.67","9/13/2025 9:22:40 PM","9/13/2025 9:22:40 PM"
"C:\Users\Mahdi\Desktop\Basij-Site\6.7.3\assets\vendor\dotlottie-player.mjs","C:\Users\Mahdi\Desktop\Basij-Site\6.7.3\assets\vendor","dotlottie-player.mjs",".mjs","37893","0.04","9/13/2025 9:22:40 PM","9/13/2025 9:22:40 PM"
"C:\Users\Mahdi\Desktop\Basij-Site\6.7.3\assets\vendor\dotlottie-player.mjs.map","C:\Users\Mahdi\Desktop\Basij-Site\6.7.3\assets\vendor","dotlottie-player.mjs.map",".map","84705","0.08","9/13/2025 9:22:40 PM","9/13/2025 9:22:40 PM"
"C:\Users\Mahdi\Desktop\Basij-Site\6.7.3\assets\vendor\dotlottie-player.styles.d.mts","C:\Users\Mahdi\Desktop\Basij-Site\6.7.3\assets\vendor","dotlottie-player.styles.d.mts",".mts","144","0","9/13/2025 9:22:40 PM","9/13/2025 9:22:40 PM"
"C:\Users\Mahdi\Desktop\Basij-Site\6.7.3\assets\vendor\dotlottie-player.styles.d.ts","C:\Users\Mahdi\Desktop\Basij-Site\6.7.3\assets\vendor","dotlottie-player.styles.d.ts",".ts","144","0","9/13/2025 9:22:40 PM","9/13/2025 9:22:40 PM"
"C:\Users\Mahdi\Desktop\Basij-Site\6.7.3\assets\vendor\dotlottie-player.styles.js","C:\Users\Mahdi\Desktop\Basij-Site\6.7.3\assets\vendor","dotlottie-player.styles.js",".js","25755","0.02","9/13/2025 9:22:40 PM","9/13/2025 9:22:40 PM"
"C:\Users\Mahdi\Desktop\Basij-Site\6.7.3\assets\vendor\dotlottie-player.styles.js.map","C:\Users\Mahdi\Desktop\Basij-Site\6.7.3\assets\vendor","dotlottie-player.styles.js.map",".map","192841","0.18","9/13/2025 9:22:40 PM","9/13/2025 9:22:40 PM"
"C:\Users\Mahdi\Desktop\Basij-Site\6.7.3\assets\vendor\dotlottie-player.styles.mjs","C:\Users\Mahdi\Desktop\Basij-Site\6.7.3\assets\vendor","dotlottie-player.styles.mjs",".mjs","168","0","9/13/2025 9:22:40 PM","9/13/2025 9:22:40 PM"
"C:\Users\Mahdi\Desktop\Basij-Site\6.7.3\assets\vendor\dotlottie-player.styles.mjs.map","C:\Users\Mahdi\Desktop\Basij-Site\6.7.3\assets\vendor","dotlottie-player.styles.mjs.map",".map","51","0","9/13/2025 9:22:40 PM","9/13/2025 9:22:40 PM"
"C:\Users\Mahdi\Desktop\Basij-Site\6.7.3\assets\vendor\dotlottie-state-machine-manager-2E7RUGJG-NTQ25VSR.mjs","C:\Users\Mahdi\Desktop\Basij-Site\6.7.3\assets\vendor","dotlottie-state-machine-manager-2E7RUGJG-NTQ25VSR.mjs",".mjs","61815","0.06","9/13/2025 9:22:40 PM","9/13/2025 9:22:40 PM"
"C:\Users\Mahdi\Desktop\Basij-Site\6.7.3\assets\vendor\dotlottie-state-machine-manager-2E7RUGJG-NTQ25VSR.mjs.map","C:\Users\Mahdi\Desktop\Basij-Site\6.7.3\assets\vendor","dotlottie-state-machine-manager-2E7RUGJG-NTQ25VSR.mjs.map",".map","71","0","9/13/2025 9:22:40 PM","9/13/2025 9:22:40 PM"
"C:\Users\Mahdi\Desktop\Basij-Site\6.7.3\assets\vendor\lottie_canvas-CDSUBMCL-MZNYH5VV.mjs","C:\Users\Mahdi\Desktop\Basij-Site\6.7.3\assets\vendor","lottie_canvas-CDSUBMCL-MZNYH5VV.mjs",".mjs","268305","0.26","9/13/2025 9:22:40 PM","9/13/2025 9:22:40 PM"
"C:\Users\Mahdi\Desktop\Basij-Site\6.7.3\assets\vendor\lottie_canvas-CDSUBMCL-MZNYH5VV.mjs.map","C:\Users\Mahdi\Desktop\Basij-Site\6.7.3\assets\vendor","lottie_canvas-CDSUBMCL-MZNYH5VV.mjs.map",".map","71","0","9/13/2025 9:22:40 PM","9/13/2025 9:22:40 PM"
"C:\Users\Mahdi\Desktop\Basij-Site\6.7.3\assets\vendor\lottie_html-X3TYKVQI-L6774NQS.mjs","C:\Users\Mahdi\Desktop\Basij-Site\6.7.3\assets\vendor","lottie_html-X3TYKVQI-L6774NQS.mjs",".mjs","271076","0.26","9/13/2025 9:22:40 PM","9/13/2025 9:22:40 PM"
"C:\Users\Mahdi\Desktop\Basij-Site\6.7.3\assets\vendor\lottie_html-X3TYKVQI-L6774NQS.mjs.map","C:\Users\Mahdi\Desktop\Basij-Site\6.7.3\assets\vendor","lottie_html-X3TYKVQI-L6774NQS.mjs.map",".map","71","0","9/13/2025 9:22:40 PM","9/13/2025 9:22:40 PM"
"C:\Users\Mahdi\Desktop\Basij-Site\6.7.3\assets\vendor\lottie_light-KMJEUZFY-TNG7ODX7.mjs","C:\Users\Mahdi\Desktop\Basij-Site\6.7.3\assets\vendor","lottie_light-KMJEUZFY-TNG7ODX7.mjs",".mjs","169721","0.16","9/13/2025 9:22:40 PM","9/13/2025 9:22:40 PM"
"C:\Users\Mahdi\Desktop\Basij-Site\6.7.3\assets\vendor\lottie_light-KMJEUZFY-TNG7ODX7.mjs.map","C:\Users\Mahdi\Desktop\Basij-Site\6.7.3\assets\vendor","lottie_light-KMJEUZFY-TNG7ODX7.mjs.map",".map","71","0","9/13/2025 9:22:40 PM","9/13/2025 9:22:40 PM"
"C:\Users\Mahdi\Desktop\Basij-Site\6.7.3\assets\vendor\lottie_light_canvas-B5UTTNXA-PRI6IBWW.mjs","C:\Users\Mahdi\Desktop\Basij-Site\6.7.3\assets\vendor","lottie_light_canvas-B5UTTNXA-PRI6IBWW.mjs",".mjs","204717","0.2","9/13/2025 9:22:40 PM","9/13/2025 9:22:40 PM"
"C:\Users\Mahdi\Desktop\Basij-Site\6.7.3\assets\vendor\lottie_light_canvas-B5UTTNXA-PRI6IBWW.mjs.map","C:\Users\Mahdi\Desktop\Basij-Site\6.7.3\assets\vendor","lottie_light_canvas-B5UTTNXA-PRI6IBWW.mjs.map",".map","71","0","9/13/2025 9:22:40 PM","9/13/2025 9:22:40 PM"
"C:\Users\Mahdi\Desktop\Basij-Site\6.7.3\assets\vendor\lottie_light_html-SLCECTRT-SYWXEBDN.mjs","C:\Users\Mahdi\Desktop\Basij-Site\6.7.3\assets\vendor","lottie_light_html-SLCECTRT-SYWXEBDN.mjs",".mjs","194030","0.19","9/13/2025 9:22:40 PM","9/13/2025 9:22:40 PM"
"C:\Users\Mahdi\Desktop\Basij-Site\6.7.3\assets\vendor\lottie_light_html-SLCECTRT-SYWXEBDN.mjs.map","C:\Users\Mahdi\Desktop\Basij-Site\6.7.3\assets\vendor","lottie_light_html-SLCECTRT-SYWXEBDN.mjs.map",".map","71","0","9/13/2025 9:22:40 PM","9/13/2025 9:22:40 PM"
"C:\Users\Mahdi\Desktop\Basij-Site\6.7.3\assets\vendor\lottie_svg-MJGYILXD-NRTSROOT.mjs","C:\Users\Mahdi\Desktop\Basij-Site\6.7.3\assets\vendor","lottie_svg-MJGYILXD-NRTSROOT.mjs",".mjs","244607","0.23","9/13/2025 9:22:40 PM","9/13/2025 9:22:40 PM"
"C:\Users\Mahdi\Desktop\Basij-Site\6.7.3\assets\vendor\lottie_svg-MJGYILXD-NRTSROOT.mjs.map","C:\Users\Mahdi\Desktop\Basij-Site\6.7.3\assets\vendor","lottie_svg-MJGYILXD-NRTSROOT.mjs.map",".map","71","0","9/13/2025 9:22:40 PM","9/13/2025 9:22:40 PM"
"C:\Users\Mahdi\Desktop\Basij-Site\6.7.3\assets\vendor\lottie_worker-Q23FJ6ZR-YP5OKMTN.mjs","C:\Users\Mahdi\Desktop\Basij-Site\6.7.3\assets\vendor","lottie_worker-Q23FJ6ZR-YP5OKMTN.mjs",".mjs","323045","0.31","9/13/2025 9:22:40 PM","9/13/2025 9:22:40 PM"
"C:\Users\Mahdi\Desktop\Basij-Site\6.7.3\assets\vendor\lottie_worker-Q23FJ6ZR-YP5OKMTN.mjs.map","C:\Users\Mahdi\Desktop\Basij-Site\6.7.3\assets\vendor","lottie_worker-Q23FJ6ZR-YP5OKMTN.mjs.map",".map","71","0","9/13/2025 9:22:40 PM","9/13/2025 9:22:40 PM"
"C:\Users\Mahdi\Desktop\Basij-Site\6.7.3\fonts\Vazirmatn-Black.woff2","C:\Users\Mahdi\Desktop\Basij-Site\6.7.3\fonts","Vazirmatn-Black.woff2",".woff2","50568","0.05","9/13/2025 9:22:40 PM","9/13/2025 9:22:40 PM"
"C:\Users\Mahdi\Desktop\Basij-Site\6.7.3\fonts\Vazirmatn-Bold.woff2","C:\Users\Mahdi\Desktop\Basij-Site\6.7.3\fonts","Vazirmatn-Bold.woff2",".woff2","51020","0.05","9/13/2025 9:22:40 PM","9/13/2025 9:22:40 PM"
"C:\Users\Mahdi\Desktop\Basij-Site\6.7.3\fonts\Vazirmatn-ExtraBold.woff2","C:\Users\Mahdi\Desktop\Basij-Site\6.7.3\fonts","Vazirmatn-ExtraBold.woff2",".woff2","51120","0.05","9/13/2025 9:22:40 PM","9/13/2025 9:22:40 PM"
"C:\Users\Mahdi\Desktop\Basij-Site\6.7.3\fonts\Vazirmatn-ExtraLight.woff2","C:\Users\Mahdi\Desktop\Basij-Site\6.7.3\fonts","Vazirmatn-ExtraLight.woff2",".woff2","51268","0.05","9/13/2025 9:22:40 PM","9/13/2025 9:22:40 PM"
"C:\Users\Mahdi\Desktop\Basij-Site\6.7.3\fonts\Vazirmatn-Light.woff2","C:\Users\Mahdi\Desktop\Basij-Site\6.7.3\fonts","Vazirmatn-Light.woff2",".woff2","51180","0.05","9/13/2025 9:22:40 PM","9/13/2025 9:22:40 PM"
"C:\Users\Mahdi\Desktop\Basij-Site\6.7.3\fonts\Vazirmatn-Medium.woff2","C:\Users\Mahdi\Desktop\Basij-Site\6.7.3\fonts","Vazirmatn-Medium.woff2",".woff2","51128","0.05","9/13/2025 9:22:40 PM","9/13/2025 9:22:40 PM"
"C:\Users\Mahdi\Desktop\Basij-Site\6.7.3\fonts\Vazirmatn-Regular.woff2","C:\Users\Mahdi\Desktop\Basij-Site\6.7.3\fonts","Vazirmatn-Regular.woff2",".woff2","50684","0.05","9/13/2025 9:22:40 PM","9/13/2025 9:22:40 PM"
"C:\Users\Mahdi\Desktop\Basij-Site\6.7.3\fonts\Vazirmatn-SemiBold.woff2","C:\Users\Mahdi\Desktop\Basij-Site\6.7.3\fonts","Vazirmatn-SemiBold.woff2",".woff2","51032","0.05","9/13/2025 9:22:40 PM","9/13/2025 9:22:40 PM"
"C:\Users\Mahdi\Desktop\Basij-Site\6.7.3\fonts\Vazirmatn-Thin.woff2","C:\Users\Mahdi\Desktop\Basij-Site\6.7.3\fonts","Vazirmatn-Thin.woff2",".woff2","50796","0.05","9/13/2025 9:22:40 PM","9/13/2025 9:22:40 PM"
"C:\Users\Mahdi\Desktop\Basij-Site\6.7.3\fonts\Vazirmatn[wght].woff2","C:\Users\Mahdi\Desktop\Basij-Site\6.7.3\fonts","Vazirmatn[wght].woff2",".woff2","111152","0.11","9/13/2025 9:22:40 PM","9/13/2025 9:22:40 PM"
"C:\Users\Mahdi\Desktop\Basij-Site\6.7.3\images\cards\card-01.jpg","C:\Users\Mahdi\Desktop\Basij-Site\6.7.3\images\cards","card-01.jpg",".jpg","160543","0.15","9/13/2025 9:22:40 PM","9/18/2025 10:12:56 AM"
"C:\Users\Mahdi\Desktop\Basij-Site\6.7.3\images\cards\card-02.jpg","C:\Users\Mahdi\Desktop\Basij-Site\6.7.3\images\cards","card-02.jpg",".jpg","99072","0.09","9/13/2025 9:22:40 PM","9/18/2025 10:12:34 AM"
"C:\Users\Mahdi\Desktop\Basij-Site\6.7.3\images\cards\card-03.jpg","C:\Users\Mahdi\Desktop\Basij-Site\6.7.3\images\cards","card-03.jpg",".jpg","177729","0.17","9/13/2025 9:22:40 PM","9/18/2025 10:12:04 AM"
"C:\Users\Mahdi\Desktop\Basij-Site\6.7.3\images\cards\card-04.jpg","C:\Users\Mahdi\Desktop\Basij-Site\6.7.3\images\cards","card-04.jpg",".jpg","127522","0.12","9/13/2025 9:22:40 PM","9/18/2025 10:15:47 AM"
"C:\Users\Mahdi\Desktop\Basij-Site\6.7.3\images\cards\card-05.jpg","C:\Users\Mahdi\Desktop\Basij-Site\6.7.3\images\cards","card-05.jpg",".jpg","188067","0.18","9/13/2025 9:22:40 PM","9/18/2025 10:10:49 AM"
"C:\Users\Mahdi\Desktop\Basij-Site\6.7.3\images\cards\card-06.jpg","C:\Users\Mahdi\Desktop\Basij-Site\6.7.3\images\cards","card-06.jpg",".jpg","96256","0.09","9/13/2025 9:22:40 PM","9/18/2025 10:15:02 AM"
"C:\Users\Mahdi\Desktop\Basij-Site\6.7.3\images\cards\card-07.jpg","C:\Users\Mahdi\Desktop\Basij-Site\6.7.3\images\cards","card-07.jpg",".jpg","204006","0.19","9/13/2025 9:22:40 PM","9/18/2025 10:14:33 AM"
"C:\Users\Mahdi\Desktop\Basij-Site\6.7.3\images\cards\card-08.jpg","C:\Users\Mahdi\Desktop\Basij-Site\6.7.3\images\cards","card-08.jpg",".jpg","88137","0.08","9/13/2025 9:22:40 PM","9/18/2025 10:13:48 AM"
"C:\Users\Mahdi\Desktop\Basij-Site\6.7.3\images\cards\card-09.jpg","C:\Users\Mahdi\Desktop\Basij-Site\6.7.3\images\cards","card-09.jpg",".jpg","119263","0.11","9/13/2025 9:22:40 PM","9/18/2025 10:16:18 AM"
"C:\Users\Mahdi\Desktop\Basij-Site\6.7.3\images\cards\card-10.jpg","C:\Users\Mahdi\Desktop\Basij-Site\6.7.3\images\cards","card-10.jpg",".jpg","123530","0.12","9/13/2025 9:22:40 PM","9/18/2025 10:13:17 AM"
"C:\Users\Mahdi\Desktop\Basij-Site\6.7.3\images\cards\fallback.jpg","C:\Users\Mahdi\Desktop\Basij-Site\6.7.3\images\cards","fallback.jpg",".jpg","19968","0.02","9/18/2025 10:16:37 AM","9/18/2025 10:08:35 AM"
"C:\Users\Mahdi\Desktop\Basij-Site\6.7.3\images\decorations\background.png","C:\Users\Mahdi\Desktop\Basij-Site\6.7.3\images\decorations","background.png",".png","42711","0.04","9/18/2025 12:01:26 PM","9/18/2025 12:07:25 PM"
"C:\Users\Mahdi\Desktop\Basij-Site\6.7.3\images\decorations\narges1.png","C:\Users\Mahdi\Desktop\Basij-Site\6.7.3\images\decorations","narges1.png",".png","233023","0.22","9/13/2025 9:22:40 PM","9/13/2025 9:22:40 PM"
"C:\Users\Mahdi\Desktop\Basij-Site\6.7.3\images\decorations\narges2.png","C:\Users\Mahdi\Desktop\Basij-Site\6.7.3\images\decorations","narges2.png",".png","233515","0.22","9/13/2025 9:22:40 PM","9/13/2025 9:22:40 PM"
"C:\Users\Mahdi\Desktop\Basij-Site\6.7.3\images\decorations\narges3.png","C:\Users\Mahdi\Desktop\Basij-Site\6.7.3\images\decorations","narges3.png",".png","223131","0.21","9/13/2025 9:22:40 PM","9/13/2025 9:22:40 PM"
"C:\Users\Mahdi\Desktop\Basij-Site\6.7.3\images\decorations\pigeon1.png","C:\Users\Mahdi\Desktop\Basij-Site\6.7.3\images\decorations","pigeon1.png",".png","160448","0.15","9/13/2025 9:22:40 PM","9/13/2025 9:22:40 PM"
"C:\Users\Mahdi\Desktop\Basij-Site\6.7.3\images\decorations\pigeon2.png","C:\Users\Mahdi\Desktop\Basij-Site\6.7.3\images\decorations","pigeon2.png",".png","113295","0.11","9/13/2025 9:22:40 PM","9/13/2025 9:22:40 PM"
"C:\Users\Mahdi\Desktop\Basij-Site\6.7.3\images\logo\add.png","C:\Users\Mahdi\Desktop\Basij-Site\6.7.3\images\logo","add.png",".png","532","0","9/13/2025 9:22:40 PM","9/13/2025 9:22:40 PM"
"C:\Users\Mahdi\Desktop\Basij-Site\6.7.3\images\logo\basij-logo.svg","C:\Users\Mahdi\Desktop\Basij-Site\6.7.3\images\logo","basij-logo.svg",".svg","6700","0.01","9/13/2025 9:22:40 PM","9/13/2025 9:22:40 PM"
"C:\Users\Mahdi\Desktop\Basij-Site\6.7.3\images\logo\cards-page-title-desktop.png","C:\Users\Mahdi\Desktop\Basij-Site\6.7.3\images\logo","cards-page-title-desktop.png",".png","54670","0.05","9/13/2025 9:22:40 PM","9/13/2025 9:22:40 PM"
"C:\Users\Mahdi\Desktop\Basij-Site\6.7.3\images\logo\cards-page-title-mobile.png","C:\Users\Mahdi\Desktop\Basij-Site\6.7.3\images\logo","cards-page-title-mobile.png",".png","77735","0.07","9/13/2025 9:22:40 PM","9/13/2025 9:22:40 PM"
"C:\Users\Mahdi\Desktop\Basij-Site\6.7.3\images\logo\enamad.png","C:\Users\Mahdi\Desktop\Basij-Site\6.7.3\images\logo","enamad.png",".png","25650","0.02","9/13/2025 9:22:40 PM","9/19/2025 8:17:30 PM"
"C:\Users\Mahdi\Desktop\Basij-Site\6.7.3\images\logo\icon.png","C:\Users\Mahdi\Desktop\Basij-Site\6.7.3\images\logo","icon.png",".png","78549","0.07","9/13/2025 9:22:40 PM","9/13/2025 9:22:40 PM"
"C:\Users\Mahdi\Desktop\Basij-Site\6.7.3\images\logo\large-cards.png","C:\Users\Mahdi\Desktop\Basij-Site\6.7.3\images\logo","large-cards.png",".png","686","0","9/13/2025 9:22:40 PM","9/13/2025 9:22:40 PM"
"C:\Users\Mahdi\Desktop\Basij-Site\6.7.3\images\logo\medium-cards.png","C:\Users\Mahdi\Desktop\Basij-Site\6.7.3\images\logo","medium-cards.png",".png","1106","0","9/13/2025 9:22:40 PM","9/13/2025 9:22:40 PM"
"C:\Users\Mahdi\Desktop\Basij-Site\6.7.3\images\logo\moon.png","C:\Users\Mahdi\Desktop\Basij-Site\6.7.3\images\logo","moon.png",".png","4454","0","9/13/2025 9:22:40 PM","9/13/2025 9:22:40 PM"
"C:\Users\Mahdi\Desktop\Basij-Site\6.7.3\images\logo\remove.png","C:\Users\Mahdi\Desktop\Basij-Site\6.7.3\images\logo","remove.png",".png","367","0","9/13/2025 9:22:40 PM","9/13/2025 9:22:40 PM"
"C:\Users\Mahdi\Desktop\Basij-Site\6.7.3\images\logo\samandehi.png","C:\Users\Mahdi\Desktop\Basij-Site\6.7.3\images\logo","samandehi.png",".png","36055","0.03","9/13/2025 9:22:40 PM","9/19/2025 8:17:58 PM"
"C:\Users\Mahdi\Desktop\Basij-Site\6.7.3\images\logo\sandy-loading.lottie","C:\Users\Mahdi\Desktop\Basij-Site\6.7.3\images\logo","sandy-loading.lottie",".lottie","15597","0.01","9/13/2025 9:22:40 PM","9/13/2025 9:22:40 PM"
"C:\Users\Mahdi\Desktop\Basij-Site\6.7.3\images\logo\shaparak.png","C:\Users\Mahdi\Desktop\Basij-Site\6.7.3\images\logo","shaparak.png",".png","32896","0.03","9/13/2025 9:22:40 PM","9/19/2025 8:18:17 PM"
"C:\Users\Mahdi\Desktop\Basij-Site\6.7.3\images\logo\sun.png","C:\Users\Mahdi\Desktop\Basij-Site\6.7.3\images\logo","sun.png",".png","957","0","9/13/2025 9:22:40 PM","9/13/2025 9:22:40 PM"
"C:\Users\Mahdi\Desktop\Basij-Site\6.7.3\images\logo\title.png","C:\Users\Mahdi\Desktop\Basij-Site\6.7.3\images\logo","title.png",".png","50199","0.05","9/13/2025 9:22:40 PM","9/19/2025 8:18:37 PM"
